-- phpMyAdmin SQL Dump
-- version 4.7.7
-- https://www.phpmyadmin.net/
--
-- Máy chủ: 127.0.0.1
-- Thời gian đã tạo: Th10 07, 2018 lúc 02:11 PM
-- Phiên bản máy phục vụ: 10.1.30-MariaDB
-- Phiên bản PHP: 7.2.2

SET SQL_MODE = "NO_AUTO_VALUE_ON_ZERO";
SET AUTOCOMMIT = 0;
START TRANSACTION;
SET time_zone = "+00:00";


/*!40101 SET @OLD_CHARACTER_SET_CLIENT=@@CHARACTER_SET_CLIENT */;
/*!40101 SET @OLD_CHARACTER_SET_RESULTS=@@CHARACTER_SET_RESULTS */;
/*!40101 SET @OLD_COLLATION_CONNECTION=@@COLLATION_CONNECTION */;
/*!40101 SET NAMES utf8mb4 */;

--
-- Cơ sở dữ liệu: `raven_test`
--

-- --------------------------------------------------------

--
-- Cấu trúc bảng cho bảng `answer`
--

CREATE TABLE `answer` (
  `id` int(10) UNSIGNED NOT NULL,
  `quiz_id` int(10) UNSIGNED NOT NULL,
  `number` int(10) UNSIGNED NOT NULL,
  `image_content` varchar(191) COLLATE utf8mb4_unicode_ci NOT NULL,
  `created_at` timestamp NULL DEFAULT NULL,
  `updated_at` timestamp NULL DEFAULT NULL
) ENGINE=InnoDB DEFAULT CHARSET=utf8mb4 COLLATE=utf8mb4_unicode_ci;

--
-- Đang đổ dữ liệu cho bảng `answer`
--

INSERT INTO `answer` (`id`, `quiz_id`, `number`, `image_content`, `created_at`, `updated_at`) VALUES
(35, 10, 1, 'images/quiz/A/A1_Answer1_A1A1.JPG', '2018-11-06 09:42:29', '2018-11-06 09:42:29'),
(36, 10, 2, 'images/quiz/A/A1_Answer2_A1A2.JPG', '2018-11-06 09:42:29', '2018-11-06 09:42:29'),
(37, 10, 3, 'images/quiz/A/A1_Answer3_A1A3.JPG', '2018-11-06 09:42:29', '2018-11-06 09:42:29'),
(38, 10, 4, 'images/quiz/A/A1_Answer4_A1A4.JPG', '2018-11-06 09:42:29', '2018-11-06 09:42:29'),
(39, 10, 5, 'images/quiz/A/A1_Answer5_A1A5.JPG', '2018-11-06 09:42:29', '2018-11-06 09:42:29'),
(40, 10, 6, 'images/quiz/A/A1_Answer6_A1A6.JPG', '2018-11-06 09:42:29', '2018-11-06 09:42:29'),
(41, 11, 1, 'images/quiz/A/A2_Answer1_A2A1.JPG', '2018-11-06 09:43:41', '2018-11-06 09:43:41'),
(42, 11, 2, 'images/quiz/A/A2_Answer2_A2A2.JPG', '2018-11-06 09:43:41', '2018-11-06 09:43:41'),
(43, 11, 3, 'images/quiz/A/A2_Answer3_A2A3.JPG', '2018-11-06 09:43:41', '2018-11-06 09:43:41'),
(44, 11, 4, 'images/quiz/A/A2_Answer4_A2A4.JPG', '2018-11-06 09:43:41', '2018-11-06 09:43:41'),
(45, 11, 5, 'images/quiz/A/A2_Answer5_A2A5.JPG', '2018-11-06 09:43:41', '2018-11-06 09:43:41'),
(46, 11, 6, 'images/quiz/A/A2_Answer6_A2A6.JPG', '2018-11-06 09:43:42', '2018-11-06 09:43:42'),
(47, 12, 1, 'images/quiz/A/A3_Answer1_A3A1.JPG', '2018-11-06 09:44:16', '2018-11-06 09:44:16'),
(48, 12, 2, 'images/quiz/A/A3_Answer2_A3A2.JPG', '2018-11-06 09:44:17', '2018-11-06 09:44:17'),
(49, 12, 3, 'images/quiz/A/A3_Answer3_A3A3.JPG', '2018-11-06 09:44:17', '2018-11-06 09:44:17'),
(50, 12, 4, 'images/quiz/A/A3_Answer4_A3A4.JPG', '2018-11-06 09:44:17', '2018-11-06 09:44:17'),
(51, 12, 5, 'images/quiz/A/A3_Answer5_A3A5.JPG', '2018-11-06 09:44:17', '2018-11-06 09:44:17'),
(52, 12, 6, 'images/quiz/A/A3_Answer6_A3A6.JPG', '2018-11-06 09:44:17', '2018-11-06 09:44:17'),
(53, 13, 1, 'images/quiz/A/A4_Answer1_A4A1.JPG', '2018-11-06 09:44:47', '2018-11-06 09:44:47'),
(54, 13, 2, 'images/quiz/A/A4_Answer2_A4A2.JPG', '2018-11-06 09:44:48', '2018-11-06 09:44:48'),
(55, 13, 3, 'images/quiz/A/A4_Answer3_A4A3.JPG', '2018-11-06 09:44:48', '2018-11-06 09:44:48'),
(56, 13, 4, 'images/quiz/A/A4_Answer4_A4A4.JPG', '2018-11-06 09:44:48', '2018-11-06 09:44:48'),
(57, 13, 5, 'images/quiz/A/A4_Answer5_A4A5.JPG', '2018-11-06 09:44:49', '2018-11-06 09:44:49'),
(58, 13, 6, 'images/quiz/A/A4_Answer6_A4A6.JPG', '2018-11-06 09:44:49', '2018-11-06 09:44:49'),
(59, 14, 1, 'images/quiz/A/A5_Answer1_A5A1.JPG', '2018-11-06 09:45:24', '2018-11-06 09:45:24'),
(60, 14, 2, 'images/quiz/A/A5_Answer2_A5A2.JPG', '2018-11-06 09:45:25', '2018-11-06 09:45:25'),
(61, 14, 3, 'images/quiz/A/A5_Answer3_A5A3.JPG', '2018-11-06 09:45:25', '2018-11-06 09:45:25'),
(62, 14, 4, 'images/quiz/A/A5_Answer4_A5A4.JPG', '2018-11-06 09:45:25', '2018-11-06 09:45:25'),
(63, 14, 5, 'images/quiz/A/A5_Answer5_A5A5.JPG', '2018-11-06 09:45:25', '2018-11-06 09:45:25'),
(64, 14, 6, 'images/quiz/A/A5_Answer6_A5A6.JPG', '2018-11-06 09:45:25', '2018-11-06 09:45:25'),
(65, 15, 1, 'images/quiz/A/A6_Answer1_A6A1.JPG', '2018-11-06 09:45:55', '2018-11-06 09:45:55'),
(66, 15, 2, 'images/quiz/A/A6_Answer2_A6A2.JPG', '2018-11-06 09:45:55', '2018-11-06 09:45:55'),
(67, 15, 3, 'images/quiz/A/A6_Answer3_A6A3.JPG', '2018-11-06 09:45:55', '2018-11-06 09:45:55'),
(68, 15, 4, 'images/quiz/A/A6_Answer4_A6A4.JPG', '2018-11-06 09:45:55', '2018-11-06 09:45:55'),
(69, 15, 5, 'images/quiz/A/A6_Answer5_A6A5.JPG', '2018-11-06 09:45:56', '2018-11-06 09:45:56'),
(70, 15, 6, 'images/quiz/A/A6_Answer6_A6A6.JPG', '2018-11-06 09:45:56', '2018-11-06 09:45:56'),
(71, 16, 1, 'images/quiz/A/A7_Answer1_A7A1.JPG', '2018-11-06 09:46:38', '2018-11-06 09:46:38'),
(72, 16, 2, 'images/quiz/A/A7_Answer2_A7A2.JPG', '2018-11-06 09:46:38', '2018-11-06 09:46:38'),
(73, 16, 3, 'images/quiz/A/A7_Answer3_A7A3.JPG', '2018-11-06 09:46:38', '2018-11-06 09:46:38'),
(74, 16, 4, 'images/quiz/A/A7_Answer4_A7A4.JPG', '2018-11-06 09:46:38', '2018-11-06 09:46:38'),
(75, 16, 5, 'images/quiz/A/A7_Answer5_A7A5.JPG', '2018-11-06 09:46:38', '2018-11-06 09:46:38'),
(76, 16, 6, 'images/quiz/A/A7_Answer6_A7A6.JPG', '2018-11-06 09:46:38', '2018-11-06 09:46:38'),
(77, 17, 1, 'images/quiz/A/A8_Answer1_A8A1.JPG', '2018-11-06 09:55:54', '2018-11-06 09:55:54'),
(78, 17, 2, 'images/quiz/A/A8_Answer2_A8A2.JPG', '2018-11-06 09:55:55', '2018-11-06 09:55:55'),
(79, 17, 3, 'images/quiz/A/A8_Answer3_A8A3.JPG', '2018-11-06 09:55:55', '2018-11-06 09:55:55'),
(80, 17, 4, 'images/quiz/A/A8_Answer4_A8A4.JPG', '2018-11-06 09:55:56', '2018-11-06 09:55:56'),
(81, 17, 5, 'images/quiz/A/A8_Answer5_A8A5.JPG', '2018-11-06 09:55:56', '2018-11-06 09:55:56'),
(82, 17, 6, 'images/quiz/A/A8_Answer6_A8A6.JPG', '2018-11-06 09:55:56', '2018-11-06 09:55:56'),
(83, 18, 1, 'images/quiz/A/A9_Answer1_A9A1.JPG', '2018-11-06 09:56:39', '2018-11-06 09:56:39'),
(84, 18, 2, 'images/quiz/A/A9_Answer2_A9A2.JPG', '2018-11-06 09:56:39', '2018-11-06 09:56:39'),
(85, 18, 3, 'images/quiz/A/A9_Answer3_A9A3.JPG', '2018-11-06 09:56:39', '2018-11-06 09:56:39'),
(86, 18, 4, 'images/quiz/A/A9_Answer4_A9A4.JPG', '2018-11-06 09:56:39', '2018-11-06 09:56:39'),
(87, 18, 5, 'images/quiz/A/A9_Answer5_A9A5.JPG', '2018-11-06 09:56:39', '2018-11-06 09:56:39'),
(88, 18, 6, 'images/quiz/A/A9_Answer6_A9A6.JPG', '2018-11-06 09:56:40', '2018-11-06 09:56:40'),
(89, 19, 1, 'images/quiz/A/A10_Answer1_A10A1.JPG', '2018-11-06 09:57:03', '2018-11-06 09:57:03'),
(90, 19, 2, 'images/quiz/A/A10_Answer2_A10A2.JPG', '2018-11-06 09:57:03', '2018-11-06 09:57:03'),
(91, 19, 3, 'images/quiz/A/A10_Answer3_A10A3.JPG', '2018-11-06 09:57:04', '2018-11-06 09:57:04'),
(92, 19, 4, 'images/quiz/A/A10_Answer4_A10A4.JPG', '2018-11-06 09:57:04', '2018-11-06 09:57:04'),
(93, 19, 5, 'images/quiz/A/A10_Answer5_A10A5.JPG', '2018-11-06 09:57:04', '2018-11-06 09:57:04'),
(94, 19, 6, 'images/quiz/A/A10_Answer6_A10A6.JPG', '2018-11-06 09:57:04', '2018-11-06 09:57:04'),
(95, 20, 1, 'images/quiz/A/A11_Answer1_A11A1.JPG', '2018-11-06 09:57:38', '2018-11-06 09:57:38'),
(96, 20, 2, 'images/quiz/A/A11_Answer2_A11A2.JPG', '2018-11-06 09:57:39', '2018-11-06 09:57:39'),
(97, 20, 3, 'images/quiz/A/A11_Answer3_A11A3.JPG', '2018-11-06 09:57:39', '2018-11-06 09:57:39'),
(98, 20, 4, 'images/quiz/A/A11_Answer4_A11A4.JPG', '2018-11-06 09:57:39', '2018-11-06 09:57:39'),
(99, 20, 5, 'images/quiz/A/A11_Answer5_A11A5.JPG', '2018-11-06 09:57:39', '2018-11-06 09:57:39'),
(100, 20, 6, 'images/quiz/A/A11_Answer6_A11A6.JPG', '2018-11-06 09:57:39', '2018-11-06 09:57:39'),
(101, 21, 1, 'images/quiz/A/A12_Answer1_A12A1.JPG', '2018-11-06 09:58:10', '2018-11-06 09:58:10'),
(102, 21, 2, 'images/quiz/A/A12_Answer2_A12A2.JPG', '2018-11-06 09:58:10', '2018-11-06 09:58:10'),
(103, 21, 3, 'images/quiz/A/A12_Answer3_A12A3.JPG', '2018-11-06 09:58:10', '2018-11-06 09:58:10'),
(104, 21, 4, 'images/quiz/A/A12_Answer4_A12A4.JPG', '2018-11-06 09:58:10', '2018-11-06 09:58:10'),
(105, 21, 5, 'images/quiz/A/A12_Answer5_A12A5.JPG', '2018-11-06 09:58:10', '2018-11-06 09:58:10'),
(106, 21, 6, 'images/quiz/A/A12_Answer6_A12A6.JPG', '2018-11-06 09:58:10', '2018-11-06 09:58:10'),
(107, 22, 1, 'images/quiz/B/B1_Answer1_B1A1.JPG', '2018-11-06 09:58:40', '2018-11-06 09:58:40'),
(108, 22, 2, 'images/quiz/B/B1_Answer2_B1A2.JPG', '2018-11-06 09:58:40', '2018-11-06 09:58:40'),
(109, 22, 3, 'images/quiz/B/B1_Answer3_B1A3.JPG', '2018-11-06 09:58:40', '2018-11-06 09:58:40'),
(110, 22, 4, 'images/quiz/B/B1_Answer4_B1A4.JPG', '2018-11-06 09:58:40', '2018-11-06 09:58:40'),
(111, 22, 5, 'images/quiz/B/B1_Answer5_B1A5.JPG', '2018-11-06 09:58:40', '2018-11-06 09:58:40'),
(112, 22, 6, 'images/quiz/B/B1_Answer6_B1A6.JPG', '2018-11-06 09:58:40', '2018-11-06 09:58:40'),
(113, 23, 1, 'images/quiz/B/B2_Answer1_B2A1.JPG', '2018-11-06 09:59:06', '2018-11-06 09:59:06'),
(114, 23, 2, 'images/quiz/B/B2_Answer2_B2A2.JPG', '2018-11-06 09:59:06', '2018-11-06 09:59:06'),
(115, 23, 3, 'images/quiz/B/B2_Answer3_B2A3.JPG', '2018-11-06 09:59:06', '2018-11-06 09:59:06'),
(116, 23, 4, 'images/quiz/B/B2_Answer4_B2A4.JPG', '2018-11-06 09:59:06', '2018-11-06 09:59:06'),
(117, 23, 5, 'images/quiz/B/B2_Answer5_B2A5.JPG', '2018-11-06 09:59:06', '2018-11-06 09:59:06'),
(118, 23, 6, 'images/quiz/B/B2_Answer6_B2A6.JPG', '2018-11-06 09:59:06', '2018-11-06 09:59:06'),
(119, 24, 1, 'images/quiz/B/B3_Answer1_B3A1.JPG', '2018-11-06 09:59:41', '2018-11-06 09:59:41'),
(120, 24, 2, 'images/quiz/B/B3_Answer2_B3A2.JPG', '2018-11-06 09:59:41', '2018-11-06 09:59:41'),
(121, 24, 3, 'images/quiz/B/B3_Answer3_B3A3.JPG', '2018-11-06 09:59:41', '2018-11-06 09:59:41'),
(122, 24, 4, 'images/quiz/B/B3_Answer4_B3A4.JPG', '2018-11-06 09:59:41', '2018-11-06 09:59:41'),
(123, 24, 5, 'images/quiz/B/B3_Answer5_B3A5.JPG', '2018-11-06 09:59:42', '2018-11-06 09:59:42'),
(124, 24, 6, 'images/quiz/B/B3_Answer6_B3A6.JPG', '2018-11-06 09:59:42', '2018-11-06 09:59:42'),
(125, 25, 1, 'images/quiz/B/B4_Answer1_B4A1.JPG', '2018-11-06 10:00:44', '2018-11-06 10:00:44'),
(126, 25, 2, 'images/quiz/B/B4_Answer2_B4A2.JPG', '2018-11-06 10:00:44', '2018-11-06 10:00:44'),
(127, 25, 3, 'images/quiz/B/B4_Answer3_B4A3.JPG', '2018-11-06 10:00:44', '2018-11-06 10:00:44'),
(128, 25, 4, 'images/quiz/B/B4_Answer4_B4A4.JPG', '2018-11-06 10:00:44', '2018-11-06 10:00:44'),
(129, 25, 5, 'images/quiz/B/B4_Answer5_B4A5.JPG', '2018-11-06 10:00:44', '2018-11-06 10:00:44'),
(130, 25, 6, 'images/quiz/B/B4_Answer6_B4A6.JPG', '2018-11-06 10:00:44', '2018-11-06 10:00:44'),
(131, 26, 1, 'images/quiz/B/B5_Answer1_B5A1.JPG', '2018-11-06 10:01:11', '2018-11-06 10:01:11'),
(132, 26, 2, 'images/quiz/B/B5_Answer2_B5A2.JPG', '2018-11-06 10:01:12', '2018-11-06 10:01:12'),
(133, 26, 3, 'images/quiz/B/B5_Answer3_B5A3.JPG', '2018-11-06 10:01:12', '2018-11-06 10:01:12'),
(134, 26, 4, 'images/quiz/B/B5_Answer4_B5A4.JPG', '2018-11-06 10:01:12', '2018-11-06 10:01:12'),
(135, 26, 5, 'images/quiz/B/B5_Answer5_B5A5.JPG', '2018-11-06 10:01:12', '2018-11-06 10:01:12'),
(136, 26, 6, 'images/quiz/B/B5_Answer6_B5A6.JPG', '2018-11-06 10:01:12', '2018-11-06 10:01:12'),
(137, 27, 1, 'images/quiz/B/B6_Answer1_B6A1.JPG', '2018-11-06 10:01:40', '2018-11-06 10:01:40'),
(138, 27, 2, 'images/quiz/B/B6_Answer2_B6A2.JPG', '2018-11-06 10:01:40', '2018-11-06 10:01:40'),
(139, 27, 3, 'images/quiz/B/B6_Answer3_B6A3.JPG', '2018-11-06 10:01:40', '2018-11-06 10:01:40'),
(140, 27, 4, 'images/quiz/B/B6_Answer4_B6A4.JPG', '2018-11-06 10:01:40', '2018-11-06 10:01:40'),
(141, 27, 5, 'images/quiz/B/B6_Answer5_B6A5.JPG', '2018-11-06 10:01:40', '2018-11-06 10:01:40'),
(142, 27, 6, 'images/quiz/B/B6_Answer6_B6A6.JPG', '2018-11-06 10:01:40', '2018-11-06 10:01:40'),
(143, 28, 1, 'images/quiz/B/B7_Answer1_B7A1.JPG', '2018-11-06 10:02:12', '2018-11-06 10:02:12'),
(144, 28, 2, 'images/quiz/B/B7_Answer2_B7A2.JPG', '2018-11-06 10:02:12', '2018-11-06 10:02:12'),
(145, 28, 3, 'images/quiz/B/B7_Answer3_B7A3.JPG', '2018-11-06 10:02:12', '2018-11-06 10:02:12'),
(146, 28, 4, 'images/quiz/B/B7_Answer4_B7A4.JPG', '2018-11-06 10:02:12', '2018-11-06 10:02:12'),
(147, 28, 5, 'images/quiz/B/B7_Answer5_B7A5.JPG', '2018-11-06 10:02:12', '2018-11-06 10:02:12'),
(148, 28, 6, 'images/quiz/B/B7_Answer6_B7A6.JPG', '2018-11-06 10:02:12', '2018-11-06 10:02:12'),
(149, 29, 1, 'images/quiz/B/B8_Answer1_B8A1.JPG', '2018-11-06 10:02:42', '2018-11-06 10:02:42'),
(150, 29, 2, 'images/quiz/B/B8_Answer2_B8A2.JPG', '2018-11-06 10:02:42', '2018-11-06 10:02:42'),
(151, 29, 3, 'images/quiz/B/B8_Answer3_B8A3.JPG', '2018-11-06 10:02:42', '2018-11-06 10:02:42'),
(152, 29, 4, 'images/quiz/B/B8_Answer4_B8A4.JPG', '2018-11-06 10:02:42', '2018-11-06 10:02:42'),
(153, 29, 5, 'images/quiz/B/B8_Answer5_B8A5.JPG', '2018-11-06 10:02:42', '2018-11-06 10:02:42'),
(154, 29, 6, 'images/quiz/B/B8_Answer6_B8A6.JPG', '2018-11-06 10:02:42', '2018-11-06 10:02:42'),
(155, 30, 1, 'images/quiz/B/B9_Answer1_B9A1.JPG', '2018-11-06 10:03:07', '2018-11-06 10:03:07'),
(156, 30, 2, 'images/quiz/B/B9_Answer2_B9A2.JPG', '2018-11-06 10:03:07', '2018-11-06 10:03:07'),
(157, 30, 3, 'images/quiz/B/B9_Answer3_B9A3.JPG', '2018-11-06 10:03:08', '2018-11-06 10:03:08'),
(158, 30, 4, 'images/quiz/B/B9_Answer4_B9A4.JPG', '2018-11-06 10:03:08', '2018-11-06 10:03:08'),
(159, 30, 5, 'images/quiz/B/B9_Answer5_B9A5.JPG', '2018-11-06 10:03:08', '2018-11-06 10:03:08'),
(160, 30, 6, 'images/quiz/B/B9_Answer6_B9A6.JPG', '2018-11-06 10:03:08', '2018-11-06 10:03:08'),
(161, 31, 1, 'images/quiz/B/B10_Answer1_B10A1.JPG', '2018-11-06 10:03:57', '2018-11-06 10:03:57'),
(162, 31, 2, 'images/quiz/B/B10_Answer2_B10A2.JPG', '2018-11-06 10:03:57', '2018-11-06 10:03:57'),
(163, 31, 3, 'images/quiz/B/B10_Answer3_B10A3.JPG', '2018-11-06 10:03:57', '2018-11-06 10:03:57'),
(164, 31, 4, 'images/quiz/B/B10_Answer4_B10A4.JPG', '2018-11-06 10:03:58', '2018-11-06 10:03:58'),
(165, 31, 5, 'images/quiz/B/B10_Answer5_B10A5.JPG', '2018-11-06 10:03:58', '2018-11-06 10:03:58'),
(166, 31, 6, 'images/quiz/B/B10_Answer6_B10A6.JPG', '2018-11-06 10:03:58', '2018-11-06 10:03:58'),
(167, 32, 1, 'images/quiz/B/B11_Answer1_B11A1.JPG', '2018-11-06 10:04:38', '2018-11-06 10:04:38'),
(168, 32, 2, 'images/quiz/B/B11_Answer2_B11A2.JPG', '2018-11-06 10:04:38', '2018-11-06 10:04:38'),
(169, 32, 3, 'images/quiz/B/B11_Answer3_B11A3.JPG', '2018-11-06 10:04:38', '2018-11-06 10:04:38'),
(170, 32, 4, 'images/quiz/B/B11_Answer4_B11A4.JPG', '2018-11-06 10:04:39', '2018-11-06 10:04:39'),
(171, 32, 5, 'images/quiz/B/B11_Answer5_B11A5.JPG', '2018-11-06 10:04:39', '2018-11-06 10:04:39'),
(172, 32, 6, 'images/quiz/B/B11_Answer6_B11A6.JPG', '2018-11-06 10:04:39', '2018-11-06 10:04:39'),
(173, 33, 1, 'images/quiz/B/B12_Answer1_B12A1.JPG', '2018-11-06 10:05:10', '2018-11-06 10:05:10'),
(174, 33, 2, 'images/quiz/B/B12_Answer2_B12A2.JPG', '2018-11-06 10:05:10', '2018-11-06 10:05:10'),
(175, 33, 3, 'images/quiz/B/B12_Answer3_B12A3.JPG', '2018-11-06 10:05:10', '2018-11-06 10:05:10'),
(176, 33, 4, 'images/quiz/B/B12_Answer4_B12A4.JPG', '2018-11-06 10:05:10', '2018-11-06 10:05:10'),
(177, 33, 5, 'images/quiz/B/B12_Answer5_B12A5.JPG', '2018-11-06 10:05:10', '2018-11-06 10:05:10'),
(178, 33, 6, 'images/quiz/B/B12_Answer6_B12A6.JPG', '2018-11-06 10:05:10', '2018-11-06 10:05:10'),
(179, 34, 1, 'images/quiz/C/C1_Answer1_C1A1.JPG', '2018-11-06 10:07:43', '2018-11-06 10:07:43'),
(180, 34, 2, 'images/quiz/C/C1_Answer2_C1A2.JPG', '2018-11-06 10:07:43', '2018-11-06 10:07:43'),
(181, 34, 3, 'images/quiz/C/C1_Answer3_C1A3.JPG', '2018-11-06 10:07:44', '2018-11-06 10:07:44'),
(182, 34, 4, 'images/quiz/C/C1_Answer4_C1A4.JPG', '2018-11-06 10:07:44', '2018-11-06 10:07:44'),
(183, 34, 5, 'images/quiz/C/C1_Answer5_C1A5.JPG', '2018-11-06 10:07:44', '2018-11-06 10:07:44'),
(184, 34, 6, 'images/quiz/C/C1_Answer6_C1A6.JPG', '2018-11-06 10:07:44', '2018-11-06 10:07:44'),
(185, 34, 7, 'images/quiz/C/C1_Answer7_C1A7.JPG', '2018-11-06 10:07:45', '2018-11-06 10:07:45'),
(186, 34, 8, 'images/quiz/C/C1_Answer8_C1A8.JPG', '2018-11-06 10:07:45', '2018-11-06 10:07:45'),
(187, 35, 1, 'images/quiz/C/C2_Answer1_C2A1.JPG', '2018-11-06 10:08:14', '2018-11-06 10:08:14'),
(188, 35, 2, 'images/quiz/C/C2_Answer2_C2A2.JPG', '2018-11-06 10:08:14', '2018-11-06 10:08:14'),
(189, 35, 3, 'images/quiz/C/C2_Answer3_C2A3.JPG', '2018-11-06 10:08:14', '2018-11-06 10:08:14'),
(190, 35, 4, 'images/quiz/C/C2_Answer4_C2A4.JPG', '2018-11-06 10:08:14', '2018-11-06 10:08:14'),
(191, 35, 5, 'images/quiz/C/C2_Answer5_C2A5.JPG', '2018-11-06 10:08:14', '2018-11-06 10:08:14'),
(192, 35, 6, 'images/quiz/C/C2_Answer6_C2A6.JPG', '2018-11-06 10:08:14', '2018-11-06 10:08:14'),
(193, 35, 7, 'images/quiz/C/C2_Answer7_C2A7.JPG', '2018-11-06 10:08:14', '2018-11-06 10:08:14'),
(194, 35, 8, 'images/quiz/C/C2_Answer8_C2A8.JPG', '2018-11-06 10:08:14', '2018-11-06 10:08:14'),
(195, 36, 1, 'images/quiz/C/C3_Answer1_C3A1.JPG', '2018-11-06 10:08:55', '2018-11-06 10:08:55'),
(196, 36, 2, 'images/quiz/C/C3_Answer2_C3A2.JPG', '2018-11-06 10:08:56', '2018-11-06 10:08:56'),
(197, 36, 3, 'images/quiz/C/C3_Answer3_C3A3.JPG', '2018-11-06 10:08:56', '2018-11-06 10:08:56'),
(198, 36, 4, 'images/quiz/C/C3_Answer4_C3A4.JPG', '2018-11-06 10:08:56', '2018-11-06 10:08:56'),
(199, 36, 5, 'images/quiz/C/C3_Answer5_C3A5.JPG', '2018-11-06 10:08:56', '2018-11-06 10:08:56'),
(200, 36, 6, 'images/quiz/C/C3_Answer6_C3A6.JPG', '2018-11-06 10:08:56', '2018-11-06 10:08:56'),
(201, 36, 7, 'images/quiz/C/C3_Answer7_C3A7.JPG', '2018-11-06 10:08:56', '2018-11-06 10:08:56'),
(202, 36, 8, 'images/quiz/C/C3_Answer8_C3A8.JPG', '2018-11-06 10:08:56', '2018-11-06 10:08:56'),
(203, 37, 1, 'images/quiz/C/C4_Answer1_C4A1.JPG', '2018-11-06 10:09:33', '2018-11-06 10:09:33'),
(204, 37, 2, 'images/quiz/C/C4_Answer2_C4A2.JPG', '2018-11-06 10:09:33', '2018-11-06 10:09:33'),
(205, 37, 3, 'images/quiz/C/C4_Answer3_C4A3.JPG', '2018-11-06 10:09:34', '2018-11-06 10:09:34'),
(206, 37, 4, 'images/quiz/C/C4_Answer4_C4A4.JPG', '2018-11-06 10:09:34', '2018-11-06 10:09:34'),
(207, 37, 5, 'images/quiz/C/C4_Answer5_C4A5.JPG', '2018-11-06 10:09:34', '2018-11-06 10:09:34'),
(208, 37, 6, 'images/quiz/C/C4_Answer6_C4A6.JPG', '2018-11-06 10:09:34', '2018-11-06 10:09:34'),
(209, 37, 7, 'images/quiz/C/C4_Answer7_C4A7.JPG', '2018-11-06 10:09:34', '2018-11-06 10:09:34'),
(210, 37, 8, 'images/quiz/C/C4_Answer8_C4A8.JPG', '2018-11-06 10:09:34', '2018-11-06 10:09:34'),
(211, 38, 1, 'images/quiz/C/C5_Answer1_C5A1.JPG', '2018-11-06 10:10:10', '2018-11-06 10:10:10'),
(212, 38, 2, 'images/quiz/C/C5_Answer2_C5A2.JPG', '2018-11-06 10:10:10', '2018-11-06 10:10:10'),
(213, 38, 3, 'images/quiz/C/C5_Answer3_C5A3.JPG', '2018-11-06 10:10:10', '2018-11-06 10:10:10'),
(214, 38, 4, 'images/quiz/C/C5_Answer4_C5A4.JPG', '2018-11-06 10:10:10', '2018-11-06 10:10:10'),
(215, 38, 5, 'images/quiz/C/C5_Answer5_C5A5.JPG', '2018-11-06 10:10:10', '2018-11-06 10:10:10'),
(216, 38, 6, 'images/quiz/C/C5_Answer6_C5A6.JPG', '2018-11-06 10:10:10', '2018-11-06 10:10:10'),
(217, 38, 7, 'images/quiz/C/C5_Answer7_C5A7.JPG', '2018-11-06 10:10:10', '2018-11-06 10:10:10'),
(218, 38, 8, 'images/quiz/C/C5_Answer8_C5A8.JPG', '2018-11-06 10:10:11', '2018-11-06 10:10:11'),
(219, 39, 1, 'images/quiz/C/C6_Answer1_C6A1.JPG', '2018-11-06 10:10:46', '2018-11-06 10:10:46'),
(220, 39, 2, 'images/quiz/C/C6_Answer2_C6A2.JPG', '2018-11-06 10:10:46', '2018-11-06 10:10:46'),
(221, 39, 3, 'images/quiz/C/C6_Answer3_C6A3.JPG', '2018-11-06 10:10:47', '2018-11-06 10:10:47'),
(222, 39, 4, 'images/quiz/C/C6_Answer4_C6A4.JPG', '2018-11-06 10:10:47', '2018-11-06 10:10:47'),
(223, 39, 5, 'images/quiz/C/C6_Answer5_C6A5.JPG', '2018-11-06 10:10:47', '2018-11-06 10:10:47'),
(224, 39, 6, 'images/quiz/C/C6_Answer6_C6A6.JPG', '2018-11-06 10:10:47', '2018-11-06 10:10:47'),
(225, 39, 7, 'images/quiz/C/C6_Answer7_C6A7.JPG', '2018-11-06 10:10:47', '2018-11-06 10:10:47'),
(226, 39, 8, 'images/quiz/C/C6_Answer8_C6A8.JPG', '2018-11-06 10:10:47', '2018-11-06 10:10:47'),
(227, 40, 1, 'images/quiz/C/C7_Answer1_C7A1.JPG', '2018-11-06 10:11:40', '2018-11-06 10:11:40'),
(228, 40, 2, 'images/quiz/C/C7_Answer2_C7A2.JPG', '2018-11-06 10:11:40', '2018-11-06 10:11:40'),
(229, 40, 3, 'images/quiz/C/C7_Answer3_C7A3.JPG', '2018-11-06 10:11:40', '2018-11-06 10:11:40'),
(230, 40, 4, 'images/quiz/C/C7_Answer4_C7A4.JPG', '2018-11-06 10:11:41', '2018-11-06 10:11:41'),
(231, 40, 5, 'images/quiz/C/C7_Answer5_C7A5.JPG', '2018-11-06 10:11:41', '2018-11-06 10:11:41'),
(232, 40, 6, 'images/quiz/C/C7_Answer6_C7A6.JPG', '2018-11-06 10:11:41', '2018-11-06 10:11:41'),
(233, 40, 7, 'images/quiz/C/C7_Answer7_C7A7.JPG', '2018-11-06 10:11:41', '2018-11-06 10:11:41'),
(234, 40, 8, 'images/quiz/C/C7_Answer8_C7A8.JPG', '2018-11-06 10:11:41', '2018-11-06 10:11:41'),
(235, 41, 1, 'images/quiz/C/C8_Answer1_C8A1.JPG', '2018-11-06 10:12:36', '2018-11-06 10:12:36'),
(236, 41, 2, 'images/quiz/C/C8_Answer2_C8A2.JPG', '2018-11-06 10:12:37', '2018-11-06 10:12:37'),
(237, 41, 3, 'images/quiz/C/C8_Answer3_C8A3.JPG', '2018-11-06 10:12:37', '2018-11-06 10:12:37'),
(238, 41, 4, 'images/quiz/C/C8_Answer4_C8A4.JPG', '2018-11-06 10:12:37', '2018-11-06 10:12:37'),
(239, 41, 5, 'images/quiz/C/C8_Answer5_C8A5.JPG', '2018-11-06 10:12:37', '2018-11-06 10:12:37'),
(240, 41, 6, 'images/quiz/C/C8_Answer6_C8A6.JPG', '2018-11-06 10:12:37', '2018-11-06 10:12:37'),
(241, 41, 7, 'images/quiz/C/C8_Answer7_C8A7.JPG', '2018-11-06 10:12:37', '2018-11-06 10:12:37'),
(242, 41, 8, 'images/quiz/C/C8_Answer8_C8A8.JPG', '2018-11-06 10:12:37', '2018-11-06 10:12:37'),
(243, 42, 1, 'images/quiz/C/C9_Answer1_C9A1.JPG', '2018-11-06 10:28:34', '2018-11-06 10:28:34'),
(244, 42, 2, 'images/quiz/C/C9_Answer2_C9A2.JPG', '2018-11-06 10:28:34', '2018-11-06 10:28:34'),
(245, 42, 3, 'images/quiz/C/C9_Answer3_C9A3.JPG', '2018-11-06 10:28:34', '2018-11-06 10:28:34'),
(246, 42, 4, 'images/quiz/C/C9_Answer4_C9A4.JPG', '2018-11-06 10:28:34', '2018-11-06 10:28:34'),
(247, 42, 5, 'images/quiz/C/C9_Answer5_C9A5.JPG', '2018-11-06 10:28:34', '2018-11-06 10:28:34'),
(248, 42, 6, 'images/quiz/C/C9_Answer6_C9A6.JPG', '2018-11-06 10:28:34', '2018-11-06 10:28:34'),
(249, 42, 7, 'images/quiz/C/C9_Answer7_C9A7.JPG', '2018-11-06 10:28:34', '2018-11-06 10:28:34'),
(250, 42, 8, 'images/quiz/C/C9_Answer8_C9A8.JPG', '2018-11-06 10:28:34', '2018-11-06 10:28:34'),
(251, 43, 1, 'images/quiz/C/C10_Answer1_C10A1.JPG', '2018-11-06 10:29:16', '2018-11-06 10:29:16'),
(252, 43, 2, 'images/quiz/C/C10_Answer2_C10A2.JPG', '2018-11-06 10:29:16', '2018-11-06 10:29:16'),
(253, 43, 3, 'images/quiz/C/C10_Answer3_C10A3.JPG', '2018-11-06 10:29:17', '2018-11-06 10:29:17'),
(254, 43, 4, 'images/quiz/C/C10_Answer4_C10A4.JPG', '2018-11-06 10:29:17', '2018-11-06 10:29:17'),
(255, 43, 5, 'images/quiz/C/C10_Answer5_C10A5.JPG', '2018-11-06 10:29:17', '2018-11-06 10:29:17'),
(256, 43, 6, 'images/quiz/C/C10_Answer6_C10A6.JPG', '2018-11-06 10:29:17', '2018-11-06 10:29:17'),
(257, 43, 7, 'images/quiz/C/C10_Answer7_C10A7.JPG', '2018-11-06 10:29:17', '2018-11-06 10:29:17'),
(258, 43, 8, 'images/quiz/C/C10_Answer8_C10A8.JPG', '2018-11-06 10:29:17', '2018-11-06 10:29:17'),
(259, 44, 1, 'images/quiz/C/C11_Answer1_C11A1.JPG', '2018-11-06 10:29:48', '2018-11-06 10:29:48'),
(260, 44, 2, 'images/quiz/C/C11_Answer2_C11A2.JPG', '2018-11-06 10:29:48', '2018-11-06 10:29:48'),
(261, 44, 3, 'images/quiz/C/C11_Answer3_C11A3.JPG', '2018-11-06 10:29:48', '2018-11-06 10:29:48'),
(262, 44, 4, 'images/quiz/C/C11_Answer4_C11A4.JPG', '2018-11-06 10:29:48', '2018-11-06 10:29:48'),
(263, 44, 5, 'images/quiz/C/C11_Answer5_C11A5.JPG', '2018-11-06 10:29:48', '2018-11-06 10:29:48'),
(264, 44, 6, 'images/quiz/C/C11_Answer6_C11A6.JPG', '2018-11-06 10:29:48', '2018-11-06 10:29:48'),
(265, 44, 7, 'images/quiz/C/C11_Answer7_C11A7.JPG', '2018-11-06 10:29:48', '2018-11-06 10:29:48'),
(266, 44, 8, 'images/quiz/C/C11_Answer8_C11A8.JPG', '2018-11-06 10:29:49', '2018-11-06 10:29:49'),
(267, 45, 1, 'images/quiz/C/C12_Answer1_C12A1.JPG', '2018-11-06 10:30:13', '2018-11-06 10:30:13'),
(268, 45, 2, 'images/quiz/C/C12_Answer2_C12A2.JPG', '2018-11-06 10:30:14', '2018-11-06 10:30:14'),
(269, 45, 3, 'images/quiz/C/C12_Answer3_C12A3.JPG', '2018-11-06 10:30:14', '2018-11-06 10:30:14'),
(270, 45, 4, 'images/quiz/C/C12_Answer4_C12A4.JPG', '2018-11-06 10:30:14', '2018-11-06 10:30:14'),
(271, 45, 5, 'images/quiz/C/C12_Answer5_C12A5.JPG', '2018-11-06 10:30:14', '2018-11-06 10:30:14'),
(272, 45, 6, 'images/quiz/C/C12_Answer6_C12A6.JPG', '2018-11-06 10:30:14', '2018-11-06 10:30:14'),
(273, 45, 7, 'images/quiz/C/C12_Answer7_C12A7.JPG', '2018-11-06 10:30:14', '2018-11-06 10:30:14'),
(274, 45, 8, 'images/quiz/C/C12_Answer8_C12A8.JPG', '2018-11-06 10:30:14', '2018-11-06 10:30:14'),
(275, 46, 1, 'images/quiz/D/D1_Answer1_D1A1.JPG', '2018-11-06 10:30:53', '2018-11-06 10:30:53'),
(276, 46, 2, 'images/quiz/D/D1_Answer2_D1A2.JPG', '2018-11-06 10:30:53', '2018-11-06 10:30:53'),
(277, 46, 3, 'images/quiz/D/D1_Answer3_D1A3.JPG', '2018-11-06 10:30:53', '2018-11-06 10:30:53'),
(278, 46, 4, 'images/quiz/D/D1_Answer4_D1A4.JPG', '2018-11-06 10:30:53', '2018-11-06 10:30:53'),
(279, 46, 5, 'images/quiz/D/D1_Answer5_D1A5.JPG', '2018-11-06 10:30:53', '2018-11-06 10:30:53'),
(280, 46, 6, 'images/quiz/D/D1_Answer6_D1A6.JPG', '2018-11-06 10:30:53', '2018-11-06 10:30:53'),
(281, 46, 7, 'images/quiz/D/D1_Answer7_D1A7.JPG', '2018-11-06 10:30:53', '2018-11-06 10:30:53'),
(282, 46, 8, 'images/quiz/D/D1_Answer8_D1A8.JPG', '2018-11-06 10:30:53', '2018-11-06 10:30:53'),
(283, 47, 1, 'images/quiz/D/D2_Answer1_D2A1.JPG', '2018-11-06 10:31:27', '2018-11-06 10:31:27'),
(284, 47, 2, 'images/quiz/D/D2_Answer2_D2A2.JPG', '2018-11-06 10:31:27', '2018-11-06 10:31:27'),
(285, 47, 3, 'images/quiz/D/D2_Answer3_D2A3.JPG', '2018-11-06 10:31:28', '2018-11-06 10:31:28'),
(286, 47, 4, 'images/quiz/D/D2_Answer4_D2A4.JPG', '2018-11-06 10:31:28', '2018-11-06 10:31:28'),
(287, 47, 5, 'images/quiz/D/D2_Answer5_D2A5.JPG', '2018-11-06 10:31:28', '2018-11-06 10:31:28'),
(288, 47, 6, 'images/quiz/D/D2_Answer6_D2A6.JPG', '2018-11-06 10:31:28', '2018-11-06 10:31:28'),
(289, 47, 7, 'images/quiz/D/D2_Answer7_D2A7.JPG', '2018-11-06 10:31:28', '2018-11-06 10:31:28'),
(290, 47, 8, 'images/quiz/D/D2_Answer8_D2A8.JPG', '2018-11-06 10:31:28', '2018-11-06 10:31:28'),
(291, 48, 1, 'images/quiz/D/D3_Answer1_D3A1.JPG', '2018-11-06 10:31:57', '2018-11-06 10:31:57'),
(292, 48, 2, 'images/quiz/D/D3_Answer2_D3A2.JPG', '2018-11-06 10:31:57', '2018-11-06 10:31:57'),
(293, 48, 3, 'images/quiz/D/D3_Answer3_D3A3.JPG', '2018-11-06 10:31:57', '2018-11-06 10:31:57'),
(294, 48, 4, 'images/quiz/D/D3_Answer4_D3A4.JPG', '2018-11-06 10:31:58', '2018-11-06 10:31:58'),
(295, 48, 5, 'images/quiz/D/D3_Answer5_D3A5.JPG', '2018-11-06 10:31:58', '2018-11-06 10:31:58'),
(296, 48, 6, 'images/quiz/D/D3_Answer6_D3A6.JPG', '2018-11-06 10:31:58', '2018-11-06 10:31:58'),
(297, 48, 7, 'images/quiz/D/D3_Answer7_D3A7.JPG', '2018-11-06 10:31:58', '2018-11-06 10:31:58'),
(298, 48, 8, 'images/quiz/D/D3_Answer8_D3A8.JPG', '2018-11-06 10:31:58', '2018-11-06 10:31:58'),
(299, 49, 1, 'images/quiz/D/D4_Answer1_D4A1.JPG', '2018-11-06 10:32:30', '2018-11-06 10:32:30'),
(300, 49, 2, 'images/quiz/D/D4_Answer2_D4A2.JPG', '2018-11-06 10:32:30', '2018-11-06 10:32:30'),
(301, 49, 3, 'images/quiz/D/D4_Answer3_D4A3.JPG', '2018-11-06 10:32:31', '2018-11-06 10:32:31'),
(302, 49, 4, 'images/quiz/D/D4_Answer4_D4A4.JPG', '2018-11-06 10:32:31', '2018-11-06 10:32:31'),
(303, 49, 5, 'images/quiz/D/D4_Answer5_D4A5.JPG', '2018-11-06 10:32:31', '2018-11-06 10:32:31'),
(304, 49, 6, 'images/quiz/D/D4_Answer6_D4A6.JPG', '2018-11-06 10:32:31', '2018-11-06 10:32:31'),
(305, 49, 7, 'images/quiz/D/D4_Answer7_D4A7.JPG', '2018-11-06 10:32:31', '2018-11-06 10:32:31'),
(306, 49, 8, 'images/quiz/D/D4_Answer8_D4A8.JPG', '2018-11-06 10:32:31', '2018-11-06 10:32:31'),
(307, 50, 1, 'images/quiz/D/D5_Answer1_D5A1.JPG', '2018-11-06 10:33:03', '2018-11-06 10:33:03'),
(308, 50, 2, 'images/quiz/D/D5_Answer2_D5A2.JPG', '2018-11-06 10:33:03', '2018-11-06 10:33:03'),
(309, 50, 3, 'images/quiz/D/D5_Answer3_D5A3.JPG', '2018-11-06 10:33:03', '2018-11-06 10:33:03'),
(310, 50, 4, 'images/quiz/D/D5_Answer4_D5A4.JPG', '2018-11-06 10:33:03', '2018-11-06 10:33:03'),
(311, 50, 5, 'images/quiz/D/D5_Answer5_D5A5.JPG', '2018-11-06 10:33:03', '2018-11-06 10:33:03'),
(312, 50, 6, 'images/quiz/D/D5_Answer6_D5A6.JPG', '2018-11-06 10:33:03', '2018-11-06 10:33:03'),
(313, 50, 7, 'images/quiz/D/D5_Answer7_D5A7.JPG', '2018-11-06 10:33:03', '2018-11-06 10:33:03'),
(314, 50, 8, 'images/quiz/D/D5_Answer8_D5A8.JPG', '2018-11-06 10:33:03', '2018-11-06 10:33:03'),
(315, 51, 1, 'images/quiz/D/D6_Answer1_D6A1.JPG', '2018-11-06 10:33:33', '2018-11-06 10:33:33'),
(316, 51, 2, 'images/quiz/D/D6_Answer2_D6A2.JPG', '2018-11-06 10:33:33', '2018-11-06 10:33:33'),
(317, 51, 3, 'images/quiz/D/D6_Answer3_D6A3.JPG', '2018-11-06 10:33:33', '2018-11-06 10:33:33'),
(318, 51, 4, 'images/quiz/D/D6_Answer4_D6A4.JPG', '2018-11-06 10:33:33', '2018-11-06 10:33:33'),
(319, 51, 5, 'images/quiz/D/D6_Answer5_D6A5.JPG', '2018-11-06 10:33:34', '2018-11-06 10:33:34'),
(320, 51, 6, 'images/quiz/D/D6_Answer6_D6A6.JPG', '2018-11-06 10:33:34', '2018-11-06 10:33:34'),
(321, 51, 7, 'images/quiz/D/D6_Answer7_D6A7.JPG', '2018-11-06 10:33:34', '2018-11-06 10:33:34'),
(322, 51, 8, 'images/quiz/D/D6_Answer8_D6A8.JPG', '2018-11-06 10:33:34', '2018-11-06 10:33:34'),
(323, 52, 1, 'images/quiz/D/D7_Answer1_D7A1.JPG', '2018-11-06 10:34:09', '2018-11-06 10:34:09'),
(324, 52, 2, 'images/quiz/D/D7_Answer2_D7A2.JPG', '2018-11-06 10:34:09', '2018-11-06 10:34:09'),
(325, 52, 3, 'images/quiz/D/D7_Answer3_D7A3.JPG', '2018-11-06 10:34:09', '2018-11-06 10:34:09'),
(326, 52, 4, 'images/quiz/D/D7_Answer4_D7A4.JPG', '2018-11-06 10:34:09', '2018-11-06 10:34:09'),
(327, 52, 5, 'images/quiz/D/D7_Answer5_D7A5.JPG', '2018-11-06 10:34:09', '2018-11-06 10:34:09'),
(328, 52, 6, 'images/quiz/D/D7_Answer6_D7A6.JPG', '2018-11-06 10:34:09', '2018-11-06 10:34:09'),
(329, 52, 7, 'images/quiz/D/D7_Answer7_D7A7.JPG', '2018-11-06 10:34:09', '2018-11-06 10:34:09'),
(330, 52, 8, 'images/quiz/D/D7_Answer8_D7A8.JPG', '2018-11-06 10:34:09', '2018-11-06 10:34:09'),
(331, 53, 1, 'images/quiz/D/D8_Answer1_D8A1.JPG', '2018-11-06 10:34:44', '2018-11-06 10:34:44'),
(332, 53, 2, 'images/quiz/D/D8_Answer2_D8A2.JPG', '2018-11-06 10:34:44', '2018-11-06 10:34:44'),
(333, 53, 3, 'images/quiz/D/D8_Answer3_D8A3.JPG', '2018-11-06 10:34:44', '2018-11-06 10:34:44'),
(334, 53, 4, 'images/quiz/D/D8_Answer4_D8A4.JPG', '2018-11-06 10:34:44', '2018-11-06 10:34:44'),
(335, 53, 5, 'images/quiz/D/D8_Answer5_D8A5.JPG', '2018-11-06 10:34:44', '2018-11-06 10:34:44'),
(336, 53, 6, 'images/quiz/D/D8_Answer6_D8A6.JPG', '2018-11-06 10:34:44', '2018-11-06 10:34:44'),
(337, 53, 7, 'images/quiz/D/D8_Answer7_D8A7.JPG', '2018-11-06 10:34:44', '2018-11-06 10:34:44'),
(338, 53, 8, 'images/quiz/D/D8_Answer8_D8A8.JPG', '2018-11-06 10:34:44', '2018-11-06 10:34:44'),
(339, 54, 1, 'images/quiz/D/D9_Answer1_D9A1.JPG', '2018-11-06 10:35:15', '2018-11-06 10:35:15'),
(340, 54, 2, 'images/quiz/D/D9_Answer2_D9A2.JPG', '2018-11-06 10:35:15', '2018-11-06 10:35:15'),
(341, 54, 3, 'images/quiz/D/D9_Answer3_D9A3.JPG', '2018-11-06 10:35:15', '2018-11-06 10:35:15'),
(342, 54, 4, 'images/quiz/D/D9_Answer4_D9A4.JPG', '2018-11-06 10:35:15', '2018-11-06 10:35:15'),
(343, 54, 5, 'images/quiz/D/D9_Answer5_D9A5.JPG', '2018-11-06 10:35:15', '2018-11-06 10:35:15'),
(344, 54, 6, 'images/quiz/D/D9_Answer6_D9A6.JPG', '2018-11-06 10:35:16', '2018-11-06 10:35:16'),
(345, 54, 7, 'images/quiz/D/D9_Answer7_D9A7.JPG', '2018-11-06 10:35:16', '2018-11-06 10:35:16'),
(346, 54, 8, 'images/quiz/D/D9_Answer8_D9A8.JPG', '2018-11-06 10:35:16', '2018-11-06 10:35:16'),
(347, 55, 1, 'images/quiz/D/D10_Answer1_D10A1.JPG', '2018-11-06 10:35:52', '2018-11-06 10:35:52'),
(348, 55, 2, 'images/quiz/D/D10_Answer2_D10A2.JPG', '2018-11-06 10:35:52', '2018-11-06 10:35:52'),
(349, 55, 3, 'images/quiz/D/D10_Answer3_D10A3.JPG', '2018-11-06 10:35:52', '2018-11-06 10:35:52'),
(350, 55, 4, 'images/quiz/D/D10_Answer4_D10A4.JPG', '2018-11-06 10:35:52', '2018-11-06 10:35:52'),
(351, 55, 5, 'images/quiz/D/D10_Answer5_D10A5.JPG', '2018-11-06 10:35:52', '2018-11-06 10:35:52'),
(352, 55, 6, 'images/quiz/D/D10_Answer6_D10A6.JPG', '2018-11-06 10:35:52', '2018-11-06 10:35:52'),
(353, 55, 7, 'images/quiz/D/D10_Answer7_D10A7.JPG', '2018-11-06 10:35:52', '2018-11-06 10:35:52'),
(354, 55, 8, 'images/quiz/D/D10_Answer8_D10A8.JPG', '2018-11-06 10:35:52', '2018-11-06 10:35:52'),
(355, 56, 1, 'images/quiz/D/D11_Answer1_D11A1.JPG', '2018-11-06 10:36:20', '2018-11-06 10:36:20'),
(356, 56, 2, 'images/quiz/D/D11_Answer2_D11A2.JPG', '2018-11-06 10:36:20', '2018-11-06 10:36:20'),
(357, 56, 3, 'images/quiz/D/D11_Answer3_D11A3.JPG', '2018-11-06 10:36:20', '2018-11-06 10:36:20'),
(358, 56, 4, 'images/quiz/D/D11_Answer4_D11A4.JPG', '2018-11-06 10:36:20', '2018-11-06 10:36:20'),
(359, 56, 5, 'images/quiz/D/D11_Answer5_D11A5.JPG', '2018-11-06 10:36:20', '2018-11-06 10:36:20'),
(360, 56, 6, 'images/quiz/D/D11_Answer6_D11A6.JPG', '2018-11-06 10:36:20', '2018-11-06 10:36:20'),
(361, 56, 7, 'images/quiz/D/D11_Answer7_D11A7.JPG', '2018-11-06 10:36:20', '2018-11-06 10:36:20'),
(362, 56, 8, 'images/quiz/D/D11_Answer8_D11A8.JPG', '2018-11-06 10:36:20', '2018-11-06 10:36:20'),
(363, 57, 1, 'images/quiz/D/D12_Answer1_D12A1.JPG', '2018-11-06 10:36:47', '2018-11-06 10:36:47'),
(364, 57, 2, 'images/quiz/D/D12_Answer2_D12A2.JPG', '2018-11-06 10:36:47', '2018-11-06 10:36:47'),
(365, 57, 3, 'images/quiz/D/D12_Answer3_D12A3.JPG', '2018-11-06 10:36:47', '2018-11-06 10:36:47'),
(366, 57, 4, 'images/quiz/D/D12_Answer4_D12A4.JPG', '2018-11-06 10:36:47', '2018-11-06 10:36:47'),
(367, 57, 5, 'images/quiz/D/D12_Answer5_D12A5.JPG', '2018-11-06 10:36:47', '2018-11-06 10:36:47'),
(368, 57, 6, 'images/quiz/D/D12_Answer6_D12A6.JPG', '2018-11-06 10:36:47', '2018-11-06 10:36:47'),
(369, 57, 7, 'images/quiz/D/D12_Answer7_D12A7.JPG', '2018-11-06 10:36:47', '2018-11-06 10:36:47'),
(370, 57, 8, 'images/quiz/D/D12_Answer8_D12A8.JPG', '2018-11-06 10:36:47', '2018-11-06 10:36:47'),
(371, 58, 1, 'images/quiz/E/E1_Answer1_E1A1.JPG', '2018-11-06 10:37:22', '2018-11-06 10:37:22'),
(372, 58, 2, 'images/quiz/E/E1_Answer2_E1A2.JPG', '2018-11-06 10:37:22', '2018-11-06 10:37:22'),
(373, 58, 3, 'images/quiz/E/E1_Answer3_E1A3.JPG', '2018-11-06 10:37:22', '2018-11-06 10:37:22'),
(374, 58, 4, 'images/quiz/E/E1_Answer4_E1A4.JPG', '2018-11-06 10:37:22', '2018-11-06 10:37:22'),
(375, 58, 5, 'images/quiz/E/E1_Answer5_E1A5.JPG', '2018-11-06 10:37:22', '2018-11-06 10:37:22'),
(376, 58, 6, 'images/quiz/E/E1_Answer6_E1A6.JPG', '2018-11-06 10:37:22', '2018-11-06 10:37:22'),
(377, 58, 7, 'images/quiz/E/E1_Answer7_E1A7.JPG', '2018-11-06 10:37:22', '2018-11-06 10:37:22'),
(378, 58, 8, 'images/quiz/E/E1_Answer8_E1A8.JPG', '2018-11-06 10:37:23', '2018-11-06 10:37:23'),
(379, 59, 1, 'images/quiz/E/E2_Answer1_E2A1.JPG', '2018-11-06 10:37:52', '2018-11-06 10:37:52'),
(380, 59, 2, 'images/quiz/E/E2_Answer2_E2A2.JPG', '2018-11-06 10:37:52', '2018-11-06 10:37:52'),
(381, 59, 3, 'images/quiz/E/E2_Answer3_E2A3.JPG', '2018-11-06 10:37:52', '2018-11-06 10:37:52'),
(382, 59, 4, 'images/quiz/E/E2_Answer4_E2A4.JPG', '2018-11-06 10:37:52', '2018-11-06 10:37:52'),
(383, 59, 5, 'images/quiz/E/E2_Answer5_E2A5.JPG', '2018-11-06 10:37:52', '2018-11-06 10:37:52'),
(384, 59, 6, 'images/quiz/E/E2_Answer6_E2A6.JPG', '2018-11-06 10:37:53', '2018-11-06 10:37:53'),
(385, 59, 7, 'images/quiz/E/E2_Answer7_E2A7.JPG', '2018-11-06 10:37:53', '2018-11-06 10:37:53'),
(386, 59, 8, 'images/quiz/E/E2_Answer8_E2A8.JPG', '2018-11-06 10:37:53', '2018-11-06 10:37:53'),
(387, 60, 1, 'images/quiz/E/E3_Answer1_E3A1.JPG', '2018-11-06 10:38:27', '2018-11-06 10:38:27'),
(388, 60, 2, 'images/quiz/E/E3_Answer2_E3A2.JPG', '2018-11-06 10:38:27', '2018-11-06 10:38:27'),
(389, 60, 3, 'images/quiz/E/E3_Answer3_E3A3.JPG', '2018-11-06 10:38:27', '2018-11-06 10:38:27'),
(390, 60, 4, 'images/quiz/E/E3_Answer4_E3A4.JPG', '2018-11-06 10:38:27', '2018-11-06 10:38:27'),
(391, 60, 5, 'images/quiz/E/E3_Answer5_E3A5.JPG', '2018-11-06 10:38:27', '2018-11-06 10:38:27'),
(392, 60, 6, 'images/quiz/E/E3_Answer6_E3A6.JPG', '2018-11-06 10:38:27', '2018-11-06 10:38:27'),
(393, 60, 7, 'images/quiz/E/E3_Answer7_E3A7.JPG', '2018-11-06 10:38:27', '2018-11-06 10:38:27'),
(394, 60, 8, 'images/quiz/E/E3_Answer8_E3A8.JPG', '2018-11-06 10:38:27', '2018-11-06 10:38:27'),
(395, 61, 1, 'images/quiz/E/E4_Answer1_E4A1.JPG', '2018-11-06 10:39:07', '2018-11-06 10:39:07'),
(396, 61, 2, 'images/quiz/E/E4_Answer2_E4A2.JPG', '2018-11-06 10:39:07', '2018-11-06 10:39:07'),
(397, 61, 3, 'images/quiz/E/E4_Answer3_E4A3.JPG', '2018-11-06 10:39:07', '2018-11-06 10:39:07'),
(398, 61, 4, 'images/quiz/E/E4_Answer4_E4A4.JPG', '2018-11-06 10:39:07', '2018-11-06 10:39:07'),
(399, 61, 5, 'images/quiz/E/E4_Answer5_E4A5.JPG', '2018-11-06 10:39:07', '2018-11-06 10:39:07'),
(400, 61, 6, 'images/quiz/E/E4_Answer6_E4A6.JPG', '2018-11-06 10:39:07', '2018-11-06 10:39:07'),
(401, 61, 7, 'images/quiz/E/E4_Answer7_E4A7.JPG', '2018-11-06 10:39:07', '2018-11-06 10:39:07'),
(402, 61, 8, 'images/quiz/E/E4_Answer8_E4A8.JPG', '2018-11-06 10:39:08', '2018-11-06 10:39:08'),
(403, 62, 1, 'images/quiz/E/E5_Answer1_E5A1.JPG', '2018-11-06 10:39:34', '2018-11-06 10:39:34'),
(404, 62, 2, 'images/quiz/E/E5_Answer2_E5A2.JPG', '2018-11-06 10:39:34', '2018-11-06 10:39:34'),
(405, 62, 3, 'images/quiz/E/E5_Answer3_E5A3.JPG', '2018-11-06 10:39:34', '2018-11-06 10:39:34'),
(406, 62, 4, 'images/quiz/E/E5_Answer4_E5A4.JPG', '2018-11-06 10:39:34', '2018-11-06 10:39:34'),
(407, 62, 5, 'images/quiz/E/E5_Answer5_E5A5.JPG', '2018-11-06 10:39:34', '2018-11-06 10:39:34'),
(408, 62, 6, 'images/quiz/E/E5_Answer6_E5A6.JPG', '2018-11-06 10:39:34', '2018-11-06 10:39:34'),
(409, 62, 7, 'images/quiz/E/E5_Answer7_E5A7.JPG', '2018-11-06 10:39:34', '2018-11-06 10:39:34'),
(410, 62, 8, 'images/quiz/E/E5_Answer8_E5A8.JPG', '2018-11-06 10:39:34', '2018-11-06 10:39:34'),
(411, 63, 1, 'images/quiz/E/E6_Answer1_E6A1.JPG', '2018-11-06 10:40:10', '2018-11-06 10:40:10'),
(412, 63, 2, 'images/quiz/E/E6_Answer2_E6A2.JPG', '2018-11-06 10:40:10', '2018-11-06 10:40:10'),
(413, 63, 3, 'images/quiz/E/E6_Answer3_E6A3.JPG', '2018-11-06 10:40:10', '2018-11-06 10:40:10'),
(414, 63, 4, 'images/quiz/E/E6_Answer4_E6A4.JPG', '2018-11-06 10:40:10', '2018-11-06 10:40:10'),
(415, 63, 5, 'images/quiz/E/E6_Answer5_E6A5.JPG', '2018-11-06 10:40:10', '2018-11-06 10:40:10'),
(416, 63, 6, 'images/quiz/E/E6_Answer6_E6A6.JPG', '2018-11-06 10:40:10', '2018-11-06 10:40:10'),
(417, 63, 7, 'images/quiz/E/E6_Answer7_E6A7.JPG', '2018-11-06 10:40:11', '2018-11-06 10:40:11'),
(418, 63, 8, 'images/quiz/E/E6_Answer8_E6A8.JPG', '2018-11-06 10:40:11', '2018-11-06 10:40:11'),
(419, 64, 1, 'images/quiz/E/E7_Answer1_E7A1.JPG', '2018-11-06 10:40:43', '2018-11-06 10:40:43'),
(420, 64, 2, 'images/quiz/E/E7_Answer2_E7A2.JPG', '2018-11-06 10:40:43', '2018-11-06 10:40:43'),
(421, 64, 3, 'images/quiz/E/E7_Answer3_E7A3.JPG', '2018-11-06 10:40:43', '2018-11-06 10:40:43'),
(422, 64, 4, 'images/quiz/E/E7_Answer4_E7A4.JPG', '2018-11-06 10:40:43', '2018-11-06 10:40:43'),
(423, 64, 5, 'images/quiz/E/E7_Answer5_E7A5.JPG', '2018-11-06 10:40:43', '2018-11-06 10:40:43'),
(424, 64, 6, 'images/quiz/E/E7_Answer6_E7A6.JPG', '2018-11-06 10:40:43', '2018-11-06 10:40:43'),
(425, 64, 7, 'images/quiz/E/E7_Answer7_E7A7.JPG', '2018-11-06 10:40:43', '2018-11-06 10:40:43'),
(426, 64, 8, 'images/quiz/E/E7_Answer8_E7A8.JPG', '2018-11-06 10:40:43', '2018-11-06 10:40:43'),
(427, 65, 1, 'images/quiz/E/E8_Answer1_E8A1.JPG', '2018-11-06 10:41:11', '2018-11-06 10:41:11'),
(428, 65, 2, 'images/quiz/E/E8_Answer2_E8A2.JPG', '2018-11-06 10:41:12', '2018-11-06 10:41:12'),
(429, 65, 3, 'images/quiz/E/E8_Answer3_E8A3.JPG', '2018-11-06 10:41:12', '2018-11-06 10:41:12'),
(430, 65, 4, 'images/quiz/E/E8_Answer4_E8A4.JPG', '2018-11-06 10:41:12', '2018-11-06 10:41:12'),
(431, 65, 5, 'images/quiz/E/E8_Answer5_E8A5.JPG', '2018-11-06 10:41:12', '2018-11-06 10:41:12'),
(432, 65, 6, 'images/quiz/E/E8_Answer6_E8A6.JPG', '2018-11-06 10:41:12', '2018-11-06 10:41:12'),
(433, 65, 7, 'images/quiz/E/E8_Answer7_E8A7.JPG', '2018-11-06 10:41:12', '2018-11-06 10:41:12'),
(434, 65, 8, 'images/quiz/E/E8_Answer8_E8A8.JPG', '2018-11-06 10:41:12', '2018-11-06 10:41:12'),
(435, 66, 1, 'images/quiz/E/E9_Answer1_E9A1.JPG', '2018-11-06 10:41:41', '2018-11-06 10:41:41'),
(436, 66, 2, 'images/quiz/E/E9_Answer2_E9A2.JPG', '2018-11-06 10:41:41', '2018-11-06 10:41:41'),
(437, 66, 3, 'images/quiz/E/E9_Answer3_E9A3.JPG', '2018-11-06 10:41:42', '2018-11-06 10:41:42'),
(438, 66, 4, 'images/quiz/E/E9_Answer4_E9A4.JPG', '2018-11-06 10:41:42', '2018-11-06 10:41:42'),
(439, 66, 5, 'images/quiz/E/E9_Answer5_E9A5.JPG', '2018-11-06 10:41:42', '2018-11-06 10:41:42'),
(440, 66, 6, 'images/quiz/E/E9_Answer6_E9A6.JPG', '2018-11-06 10:41:42', '2018-11-06 10:41:42'),
(441, 66, 7, 'images/quiz/E/E9_Answer7_E9A7.JPG', '2018-11-06 10:41:42', '2018-11-06 10:41:42'),
(442, 66, 8, 'images/quiz/E/E9_Answer8_E9A8.JPG', '2018-11-06 10:41:42', '2018-11-06 10:41:42'),
(443, 67, 1, 'images/quiz/E/E10_Answer1_E10A1.JPG', '2018-11-06 10:42:15', '2018-11-06 10:42:15'),
(444, 67, 2, 'images/quiz/E/E10_Answer2_E10A2.JPG', '2018-11-06 10:42:15', '2018-11-06 10:42:15'),
(445, 67, 3, 'images/quiz/E/E10_Answer3_E10A3.JPG', '2018-11-06 10:42:15', '2018-11-06 10:42:15'),
(446, 67, 4, 'images/quiz/E/E10_Answer4_E10A4.JPG', '2018-11-06 10:42:15', '2018-11-06 10:42:15'),
(447, 67, 5, 'images/quiz/E/E10_Answer5_E10A5.JPG', '2018-11-06 10:42:15', '2018-11-06 10:42:15'),
(448, 67, 6, 'images/quiz/E/E10_Answer6_E10A6.JPG', '2018-11-06 10:42:15', '2018-11-06 10:42:15'),
(449, 67, 7, 'images/quiz/E/E10_Answer7_E10A7.JPG', '2018-11-06 10:42:15', '2018-11-06 10:42:15'),
(450, 67, 8, 'images/quiz/E/E10_Answer8_E10A8.JPG', '2018-11-06 10:42:16', '2018-11-06 10:42:16'),
(451, 68, 1, 'images/quiz/E/E11_Answer1_E11A1.JPG', '2018-11-06 10:42:51', '2018-11-06 10:42:51'),
(452, 68, 2, 'images/quiz/E/E11_Answer2_E11A2.JPG', '2018-11-06 10:42:51', '2018-11-06 10:42:51'),
(453, 68, 3, 'images/quiz/E/E11_Answer3_E11A3.JPG', '2018-11-06 10:42:51', '2018-11-06 10:42:51'),
(454, 68, 4, 'images/quiz/E/E11_Answer4_E11A4.JPG', '2018-11-06 10:42:52', '2018-11-06 10:42:52'),
(455, 68, 5, 'images/quiz/E/E11_Answer5_E11A5.JPG', '2018-11-06 10:42:52', '2018-11-06 10:42:52'),
(456, 68, 6, 'images/quiz/E/E11_Answer6_E11A6.JPG', '2018-11-06 10:42:52', '2018-11-06 10:42:52'),
(457, 68, 7, 'images/quiz/E/E11_Answer7_E11A7.JPG', '2018-11-06 10:42:52', '2018-11-06 10:42:52'),
(458, 68, 8, 'images/quiz/E/E11_Answer8_E11A8.JPG', '2018-11-06 10:42:52', '2018-11-06 10:42:52'),
(459, 69, 1, 'images/quiz/E/E12_Answer1_E12A1.JPG', '2018-11-06 10:43:23', '2018-11-06 10:43:23'),
(460, 69, 2, 'images/quiz/E/E12_Answer2_E12A2.JPG', '2018-11-06 10:43:23', '2018-11-06 10:43:23'),
(461, 69, 3, 'images/quiz/E/E12_Answer3_E12A3.JPG', '2018-11-06 10:43:23', '2018-11-06 10:43:23'),
(462, 69, 4, 'images/quiz/E/E12_Answer4_E12A4.JPG', '2018-11-06 10:43:23', '2018-11-06 10:43:23'),
(463, 69, 5, 'images/quiz/E/E12_Answer5_E12A5.JPG', '2018-11-06 10:43:23', '2018-11-06 10:43:23'),
(464, 69, 6, 'images/quiz/E/E12_Answer6_E12A6.JPG', '2018-11-06 10:43:23', '2018-11-06 10:43:23'),
(465, 69, 7, 'images/quiz/E/E12_Answer7_E12A7.JPG', '2018-11-06 10:43:23', '2018-11-06 10:43:23'),
(466, 69, 8, 'images/quiz/E/E12_Answer8_E12A8.JPG', '2018-11-06 10:43:23', '2018-11-06 10:43:23');

-- --------------------------------------------------------

--
-- Cấu trúc bảng cho bảng `correct_answer`
--

CREATE TABLE `correct_answer` (
  `quiz_id` int(10) UNSIGNED NOT NULL,
  `answer_id` int(10) UNSIGNED NOT NULL,
  `created_at` timestamp NULL DEFAULT NULL,
  `updated_at` timestamp NULL DEFAULT NULL
) ENGINE=InnoDB DEFAULT CHARSET=utf8mb4 COLLATE=utf8mb4_unicode_ci;

--
-- Đang đổ dữ liệu cho bảng `correct_answer`
--

INSERT INTO `correct_answer` (`quiz_id`, `answer_id`, `created_at`, `updated_at`) VALUES
(10, 38, '2018-11-06 09:42:29', '2018-11-06 09:42:29'),
(11, 45, '2018-11-06 09:43:41', '2018-11-06 09:43:41'),
(12, 47, '2018-11-06 09:44:17', '2018-11-06 09:44:17'),
(13, 54, '2018-11-06 09:44:48', '2018-11-06 09:44:48'),
(14, 64, '2018-11-06 09:45:26', '2018-11-06 09:45:26'),
(15, 67, '2018-11-06 09:45:55', '2018-11-06 09:45:55'),
(16, 76, '2018-11-06 09:46:38', '2018-11-06 09:46:38'),
(17, 78, '2018-11-06 09:55:55', '2018-11-06 09:55:55'),
(18, 83, '2018-11-06 09:56:39', '2018-11-06 09:56:39'),
(19, 91, '2018-11-06 09:57:04', '2018-11-06 09:57:04'),
(20, 98, '2018-11-06 09:57:39', '2018-11-06 09:57:39'),
(21, 105, '2018-11-06 09:58:10', '2018-11-06 09:58:10'),
(22, 108, '2018-11-06 09:58:40', '2018-11-06 09:58:40'),
(23, 118, '2018-11-06 09:59:06', '2018-11-06 09:59:06'),
(24, 119, '2018-11-06 09:59:41', '2018-11-06 09:59:41'),
(25, 126, '2018-11-06 10:00:44', '2018-11-06 10:00:44'),
(26, 131, '2018-11-06 10:01:11', '2018-11-06 10:01:11'),
(27, 139, '2018-11-06 10:01:40', '2018-11-06 10:01:40'),
(28, 147, '2018-11-06 10:02:12', '2018-11-06 10:02:12'),
(29, 154, '2018-11-06 10:02:42', '2018-11-06 10:02:42'),
(30, 158, '2018-11-06 10:03:08', '2018-11-06 10:03:08'),
(31, 163, '2018-11-06 10:03:58', '2018-11-06 10:03:58'),
(32, 170, '2018-11-06 10:04:39', '2018-11-06 10:04:39'),
(33, 177, '2018-11-06 10:05:10', '2018-11-06 10:05:10'),
(34, 186, '2018-11-06 10:07:45', '2018-11-06 10:07:45'),
(35, 192, '2018-11-06 10:08:14', '2018-11-06 10:08:14'),
(36, 197, '2018-11-06 10:08:56', '2018-11-06 10:08:56'),
(37, 210, '2018-11-06 10:09:34', '2018-11-06 10:09:34'),
(38, 217, '2018-11-06 10:10:10', '2018-11-06 10:10:10'),
(39, 222, '2018-11-06 10:10:47', '2018-11-06 10:10:47'),
(40, 231, '2018-11-06 10:11:41', '2018-11-06 10:11:41'),
(41, 235, '2018-11-06 10:12:36', '2018-11-06 10:12:36'),
(42, 249, '2018-11-06 10:28:34', '2018-11-06 10:28:34'),
(43, 256, '2018-11-06 10:29:17', '2018-11-06 10:29:17'),
(44, 259, '2018-11-06 10:29:48', '2018-11-06 10:29:48'),
(45, 268, '2018-11-06 10:30:14', '2018-11-06 10:30:14'),
(46, 277, '2018-11-06 10:30:53', '2018-11-06 10:30:53'),
(47, 286, '2018-11-06 10:31:28', '2018-11-06 10:31:28'),
(48, 293, '2018-11-06 10:31:57', '2018-11-06 10:31:57'),
(49, 305, '2018-11-06 10:32:31', '2018-11-06 10:32:31'),
(50, 314, '2018-11-06 10:33:03', '2018-11-06 10:33:03'),
(51, 320, '2018-11-06 10:33:34', '2018-11-06 10:33:34'),
(52, 327, '2018-11-06 10:34:09', '2018-11-06 10:34:09'),
(53, 334, '2018-11-06 10:34:44', '2018-11-06 10:34:44'),
(54, 339, '2018-11-06 10:35:15', '2018-11-06 10:35:15'),
(55, 348, '2018-11-06 10:35:52', '2018-11-06 10:35:52'),
(56, 359, '2018-11-06 10:36:20', '2018-11-06 10:36:20'),
(57, 368, '2018-11-06 10:36:47', '2018-11-06 10:36:47'),
(58, 377, '2018-11-06 10:37:22', '2018-11-06 10:37:22'),
(59, 384, '2018-11-06 10:37:53', '2018-11-06 10:37:53'),
(60, 394, '2018-11-06 10:38:28', '2018-11-06 10:38:28'),
(61, 396, '2018-11-06 10:39:07', '2018-11-06 10:39:07'),
(62, 403, '2018-11-06 10:39:34', '2018-11-06 10:39:34'),
(63, 415, '2018-11-06 10:40:10', '2018-11-06 10:40:10'),
(64, 419, '2018-11-06 10:40:43', '2018-11-06 10:40:43'),
(65, 432, '2018-11-06 10:41:12', '2018-11-06 10:41:12'),
(66, 437, '2018-11-06 10:41:42', '2018-11-06 10:41:42'),
(67, 444, '2018-11-06 10:42:15', '2018-11-06 10:42:15'),
(68, 454, '2018-11-06 10:42:52', '2018-11-06 10:42:52'),
(69, 463, '2018-11-06 10:43:23', '2018-11-06 10:43:23');

-- --------------------------------------------------------

--
-- Cấu trúc bảng cho bảng `migrations`
--

CREATE TABLE `migrations` (
  `id` int(10) UNSIGNED NOT NULL,
  `migration` varchar(191) COLLATE utf8mb4_unicode_ci NOT NULL,
  `batch` int(11) NOT NULL
) ENGINE=InnoDB DEFAULT CHARSET=utf8mb4 COLLATE=utf8mb4_unicode_ci;

--
-- Đang đổ dữ liệu cho bảng `migrations`
--

INSERT INTO `migrations` (`id`, `migration`, `batch`) VALUES
(1, '2014_10_12_000000_create_users_table', 1),
(2, '2014_10_12_100000_create_password_resets_table', 1),
(3, '2018_11_04_153850_create_quiz_table', 1),
(4, '2018_11_04_155239_create_answer_table', 1),
(5, '2018_11_04_155851_create_correct_answer_table', 1);

-- --------------------------------------------------------

--
-- Cấu trúc bảng cho bảng `password_resets`
--

CREATE TABLE `password_resets` (
  `email` varchar(191) COLLATE utf8mb4_unicode_ci NOT NULL,
  `token` varchar(191) COLLATE utf8mb4_unicode_ci NOT NULL,
  `created_at` timestamp NULL DEFAULT NULL
) ENGINE=InnoDB DEFAULT CHARSET=utf8mb4 COLLATE=utf8mb4_unicode_ci;

-- --------------------------------------------------------

--
-- Cấu trúc bảng cho bảng `quiz`
--

CREATE TABLE `quiz` (
  `id` int(10) UNSIGNED NOT NULL,
  `raven_code` varchar(191) COLLATE utf8mb4_unicode_ci NOT NULL,
  `image_content` varchar(191) COLLATE utf8mb4_unicode_ci NOT NULL,
  `created_at` timestamp NULL DEFAULT NULL,
  `updated_at` timestamp NULL DEFAULT NULL,
  `category` char(1) COLLATE utf8mb4_unicode_ci NOT NULL
) ENGINE=InnoDB DEFAULT CHARSET=utf8mb4 COLLATE=utf8mb4_unicode_ci;

--
-- Đang đổ dữ liệu cho bảng `quiz`
--

INSERT INTO `quiz` (`id`, `raven_code`, `image_content`, `created_at`, `updated_at`, `category`) VALUES
(10, 'A1', 'images/quiz/A/A1_A1Q.JPG', '2018-11-06 09:42:29', '2018-11-06 09:42:29', 'A'),
(11, 'A2', 'images/quiz/A/A2_A2Q.JPG', '2018-11-06 09:43:40', '2018-11-06 09:43:40', 'A'),
(12, 'A3', 'images/quiz/A/A3_A3Q.JPG', '2018-11-06 09:44:16', '2018-11-06 09:44:16', 'A'),
(13, 'A4', 'images/quiz/A/A4_A4Q.JPG', '2018-11-06 09:44:47', '2018-11-06 09:44:47', 'A'),
(14, 'A5', 'images/quiz/A/A5_A5Q.JPG', '2018-11-06 09:45:24', '2018-11-06 09:45:24', 'A'),
(15, 'A6', 'images/quiz/A/A6_A6Q.JPG', '2018-11-06 09:45:55', '2018-11-06 09:45:55', 'A'),
(16, 'A7', 'images/quiz/A/A7_A7Q.JPG', '2018-11-06 09:46:38', '2018-11-06 09:46:38', 'A'),
(17, 'A8', 'images/quiz/A/A8_A8Q.JPG', '2018-11-06 09:55:54', '2018-11-06 09:55:54', 'A'),
(18, 'A9', 'images/quiz/A/A9_A9Q.JPG', '2018-11-06 09:56:39', '2018-11-06 09:56:39', 'A'),
(19, 'A10', 'images/quiz/A/A10_A10Q.JPG', '2018-11-06 09:57:03', '2018-11-06 09:57:03', 'A'),
(20, 'A11', 'images/quiz/A/A11_A11Q.JPG', '2018-11-06 09:57:38', '2018-11-06 09:57:38', 'A'),
(21, 'A12', 'images/quiz/A/A12_A12Q.JPG', '2018-11-06 09:58:10', '2018-11-06 09:58:10', 'A'),
(22, 'B1', 'images/quiz/B/B1_B1Q.JPG', '2018-11-06 09:58:40', '2018-11-06 09:58:40', 'B'),
(23, 'B2', 'images/quiz/B/B2_B2Q.JPG', '2018-11-06 09:59:06', '2018-11-06 09:59:06', 'B'),
(24, 'B3', 'images/quiz/B/B3_B3Q.JPG', '2018-11-06 09:59:41', '2018-11-06 09:59:41', 'B'),
(25, 'B4', 'images/quiz/B/B4_B4Q.JPG', '2018-11-06 10:00:44', '2018-11-06 10:00:44', 'B'),
(26, 'B5', 'images/quiz/B/B5_B5Q.JPG', '2018-11-06 10:01:11', '2018-11-06 10:01:11', 'B'),
(27, 'B6', 'images/quiz/B/B6_B6Q.JPG', '2018-11-06 10:01:40', '2018-11-06 10:01:40', 'B'),
(28, 'B7', 'images/quiz/B/B7_B7Q.JPG', '2018-11-06 10:02:12', '2018-11-06 10:02:12', 'B'),
(29, 'B8', 'images/quiz/B/B8_B8Q.JPG', '2018-11-06 10:02:42', '2018-11-06 10:02:42', 'B'),
(30, 'B9', 'images/quiz/B/B9_B9Q.JPG', '2018-11-06 10:03:07', '2018-11-06 10:03:07', 'B'),
(31, 'B10', 'images/quiz/B/B10_B10Q.JPG', '2018-11-06 10:03:57', '2018-11-06 10:03:57', 'B'),
(32, 'B11', 'images/quiz/B/B11_B11Q.JPG', '2018-11-06 10:04:38', '2018-11-06 10:04:38', 'B'),
(33, 'B12', 'images/quiz/B/B12_B12Q.JPG', '2018-11-06 10:05:10', '2018-11-06 10:05:10', 'B'),
(34, 'C1', 'images/quiz/C/C1_C1Q.JPG', '2018-11-06 10:07:43', '2018-11-06 10:07:43', 'C'),
(35, 'C2', 'images/quiz/C/C2_C2Q.JPG', '2018-11-06 10:08:14', '2018-11-06 10:08:14', 'C'),
(36, 'C3', 'images/quiz/C/C3_C3Q.JPG', '2018-11-06 10:08:55', '2018-11-06 10:08:55', 'C'),
(37, 'C4', 'images/quiz/C/C4_C4Q.JPG', '2018-11-06 10:09:33', '2018-11-06 10:09:33', 'C'),
(38, 'C5', 'images/quiz/C/C5_C5Q.JPG', '2018-11-06 10:10:10', '2018-11-06 10:10:10', 'C'),
(39, 'C6', 'images/quiz/C/C6_C6Q.JPG', '2018-11-06 10:10:46', '2018-11-06 10:10:46', 'C'),
(40, 'C7', 'images/quiz/C/C7_C7Q.JPG', '2018-11-06 10:11:40', '2018-11-06 10:11:40', 'C'),
(41, 'C8', 'images/quiz/C/C8_C8Q.JPG', '2018-11-06 10:12:36', '2018-11-06 10:12:36', 'C'),
(42, 'C9', 'images/quiz/C/C9_C9Q.JPG', '2018-11-06 10:28:34', '2018-11-06 10:28:34', 'C'),
(43, 'C10', 'images/quiz/C/C10_C10Q.JPG', '2018-11-06 10:29:16', '2018-11-06 10:29:16', 'C'),
(44, 'C11', 'images/quiz/C/C11_C11Q.JPG', '2018-11-06 10:29:48', '2018-11-06 10:29:48', 'C'),
(45, 'C12', 'images/quiz/C/C12_C12Q.JPG', '2018-11-06 10:30:13', '2018-11-06 10:30:13', 'C'),
(46, 'D1', 'images/quiz/D/D1_D1Q.JPG', '2018-11-06 10:30:52', '2018-11-06 10:30:52', 'D'),
(47, 'D2', 'images/quiz/D/D2_D2Q.JPG', '2018-11-06 10:31:27', '2018-11-06 10:31:27', 'D'),
(48, 'D3', 'images/quiz/D/D3_D3Q.JPG', '2018-11-06 10:31:57', '2018-11-06 10:31:57', 'D'),
(49, 'D4', 'images/quiz/D/D4_D4Q.JPG', '2018-11-06 10:32:30', '2018-11-06 10:32:30', 'D'),
(50, 'D5', 'images/quiz/D/D5_D5Q.JPG', '2018-11-06 10:33:03', '2018-11-06 10:33:03', 'D'),
(51, 'D6', 'images/quiz/D/D6_D6Q.JPG', '2018-11-06 10:33:33', '2018-11-06 10:33:33', 'D'),
(52, 'D7', 'images/quiz/D/D7_D7Q.JPG', '2018-11-06 10:34:08', '2018-11-06 10:34:08', 'D'),
(53, 'D8', 'images/quiz/D/D8_D8Q.JPG', '2018-11-06 10:34:43', '2018-11-06 10:34:43', 'D'),
(54, 'D9', 'images/quiz/D/D9_D9Q.JPG', '2018-11-06 10:35:15', '2018-11-06 10:35:15', 'D'),
(55, 'D10', 'images/quiz/D/D10_D10Q.JPG', '2018-11-06 10:35:51', '2018-11-06 10:35:51', 'D'),
(56, 'D11', 'images/quiz/D/D11_D11Q.JPG', '2018-11-06 10:36:20', '2018-11-06 10:36:20', 'D'),
(57, 'D12', 'images/quiz/D/D12_D12Q.JPG', '2018-11-06 10:36:47', '2018-11-06 10:36:47', 'D'),
(58, 'E1', 'images/quiz/E/E1_E1Q.JPG', '2018-11-06 10:37:21', '2018-11-06 10:37:21', 'E'),
(59, 'E2', 'images/quiz/E/E2_E2Q.JPG', '2018-11-06 10:37:52', '2018-11-06 10:37:52', 'E'),
(60, 'E3', 'images/quiz/E/E3_E3Q.JPG', '2018-11-06 10:38:25', '2018-11-06 10:38:25', 'E'),
(61, 'E4', 'images/quiz/E/E4_E4Q.JPG', '2018-11-06 10:39:06', '2018-11-06 10:39:06', 'E'),
(62, 'E5', 'images/quiz/E/E5_E5Q.JPG', '2018-11-06 10:39:34', '2018-11-06 10:39:34', 'E'),
(63, 'E6', 'images/quiz/E/E6_E6Q.JPG', '2018-11-06 10:40:09', '2018-11-06 10:40:09', 'E'),
(64, 'E7', 'images/quiz/E/E7_E7Q.JPG', '2018-11-06 10:40:43', '2018-11-06 10:40:43', 'E'),
(65, 'E8', 'images/quiz/E/E8_E8Q.JPG', '2018-11-06 10:41:11', '2018-11-06 10:41:11', 'E'),
(66, 'E9', 'images/quiz/E/E9_E9Q.JPG', '2018-11-06 10:41:41', '2018-11-06 10:41:41', 'E'),
(67, 'E10', 'images/quiz/E/E10_E10Q.JPG', '2018-11-06 10:42:15', '2018-11-06 10:42:15', 'E'),
(68, 'E11', 'images/quiz/E/E11_E11Q.JPG', '2018-11-06 10:42:51', '2018-11-06 10:42:51', 'E'),
(69, 'E12', 'images/quiz/E/E12_E12Q.JPG', '2018-11-06 10:43:23', '2018-11-06 10:43:23', 'E');

-- --------------------------------------------------------

--
-- Cấu trúc bảng cho bảng `users`
--

CREATE TABLE `users` (
  `id` int(10) UNSIGNED NOT NULL,
  `name` varchar(191) COLLATE utf8mb4_unicode_ci NOT NULL,
  `email` varchar(191) COLLATE utf8mb4_unicode_ci NOT NULL,
  `email_verified_at` timestamp NULL DEFAULT NULL,
  `password` varchar(191) COLLATE utf8mb4_unicode_ci NOT NULL,
  `remember_token` varchar(100) COLLATE utf8mb4_unicode_ci DEFAULT NULL,
  `created_at` timestamp NULL DEFAULT NULL,
  `updated_at` timestamp NULL DEFAULT NULL
) ENGINE=InnoDB DEFAULT CHARSET=utf8mb4 COLLATE=utf8mb4_unicode_ci;

--
-- Chỉ mục cho các bảng đã đổ
--

--
-- Chỉ mục cho bảng `answer`
--
ALTER TABLE `answer`
  ADD PRIMARY KEY (`id`),
  ADD KEY `answer_quiz_id_foreign` (`quiz_id`);

--
-- Chỉ mục cho bảng `correct_answer`
--
ALTER TABLE `correct_answer`
  ADD PRIMARY KEY (`quiz_id`,`answer_id`),
  ADD KEY `correct_answer_answer_id_foreign` (`answer_id`);

--
-- Chỉ mục cho bảng `migrations`
--
ALTER TABLE `migrations`
  ADD PRIMARY KEY (`id`);

--
-- Chỉ mục cho bảng `password_resets`
--
ALTER TABLE `password_resets`
  ADD KEY `password_resets_email_index` (`email`);

--
-- Chỉ mục cho bảng `quiz`
--
ALTER TABLE `quiz`
  ADD PRIMARY KEY (`id`),
  ADD UNIQUE KEY `quiz_raven_code_unique` (`raven_code`);

--
-- Chỉ mục cho bảng `users`
--
ALTER TABLE `users`
  ADD PRIMARY KEY (`id`),
  ADD UNIQUE KEY `users_email_unique` (`email`);

--
-- AUTO_INCREMENT cho các bảng đã đổ
--

--
-- AUTO_INCREMENT cho bảng `answer`
--
ALTER TABLE `answer`
  MODIFY `id` int(10) UNSIGNED NOT NULL AUTO_INCREMENT, AUTO_INCREMENT=467;

--
-- AUTO_INCREMENT cho bảng `migrations`
--
ALTER TABLE `migrations`
  MODIFY `id` int(10) UNSIGNED NOT NULL AUTO_INCREMENT, AUTO_INCREMENT=6;

--
-- AUTO_INCREMENT cho bảng `quiz`
--
ALTER TABLE `quiz`
  MODIFY `id` int(10) UNSIGNED NOT NULL AUTO_INCREMENT, AUTO_INCREMENT=70;

--
-- AUTO_INCREMENT cho bảng `users`
--
ALTER TABLE `users`
  MODIFY `id` int(10) UNSIGNED NOT NULL AUTO_INCREMENT;

--
-- Các ràng buộc cho các bảng đã đổ
--

--
-- Các ràng buộc cho bảng `answer`
--
ALTER TABLE `answer`
  ADD CONSTRAINT `answer_quiz_id_foreign` FOREIGN KEY (`quiz_id`) REFERENCES `quiz` (`id`);

--
-- Các ràng buộc cho bảng `correct_answer`
--
ALTER TABLE `correct_answer`
  ADD CONSTRAINT `correct_answer_answer_id_foreign` FOREIGN KEY (`answer_id`) REFERENCES `answer` (`id`),
  ADD CONSTRAINT `correct_answer_quiz_id_foreign` FOREIGN KEY (`quiz_id`) REFERENCES `quiz` (`id`);
COMMIT;

/*!40101 SET CHARACTER_SET_CLIENT=@OLD_CHARACTER_SET_CLIENT */;
/*!40101 SET CHARACTER_SET_RESULTS=@OLD_CHARACTER_SET_RESULTS */;
/*!40101 SET COLLATION_CONNECTION=@OLD_COLLATION_CONNECTION */;
